Country ,Continent,female literacy,fertility,population
Chine,ASI,90.5,1.769,"1,324,655,000"
Inde,ASI,50.8,2.682,"1,139,964,932"
USA,NAM,99,2.077,"304,060,000"
Indonésie,ASI,88.8,2.132,"227,345,082"
Brésil,LAT,90.2,1.827,"191,971,506"
Pakistan,ASI,40,3.872,"166,111,487"
Bangladesh,ASI,49.8,2.288,"160,000,128"
Nigéria,AF,48.8,5.173,"151,212,254"
Fédération de Russie,EUR,99.4,1.393,"141,950,000"
Japan,ASI,99,1.262,"127,704,000"
Mexique,LAT,91.5,2.156,"106,350,434"
Philippines,ASI,93.9,3.026,"90,348,437"
Viet Nam,ASI,90.2,2.033,"86,210,781"
Germany,EUR,99,1.324,"82,110,097"
Egypte,AF,57.8,2.816,"81,527,172"
Ethiopie,AF,22.8,5.211,"80,713,434"
Turquie,ASI,81.3,2.1,"73,914,260"
"Iran, République islamique d'",ASI,77.2,1.781,"71,956,322"
Thaïlande,ASI,91.5,1.822,"67,386,383"
Rép. Démocratique du Congo,AF,56.1,5.908,"64,256,635"
France,EUR,99,1.881,"62,277,432"
UK,EUR,99,1.852,"61,414,062"
Italie,EUR,98.5,1.39,"59,832,179"
Myanmar,ASI,89.2,2.281,"49,563,019"
Afrique du Sud,AF,88.1,2.505,"48,687,000"
South Korea,ASI,96.6,1.224,"48,607,000"
Ukraine,EUR,99.6,1.361,"46,258,200"
Espagne,EUR,96.9,1.468,"45,555,716"
Colombie,LAT,93.4,2.404,"45,012,096"
République-Unie de Tanzanie,AF,66.3,5.52,"42,483,923"
Soudan,AF,59.6,4.058,"41,347,723"
Argentine,LAT,97.7,2.223,"39,882,980"
Kenya,AF,82.8,4.859,"38,765,312"
Pologne,EUR,99.3,1.267,"38,125,759"
Algérie,AF,63.9,2.342,"34,373,426"
Canada,NAM,99,1.579,"33,311,400"
Ouganda,AF,66.8,6.254,"31,656,865"
Maroc,AF,44.1,2.334,"31,605,616"
Iraq,ASI,69.2,3.961,"30,711,152"
Afghanistan,ASI,12.6,6.505,"29,021,099"
Pérou,LAT,84.6,2.53,"28,836,700"
Népal,ASI,45.4,2.823,"28,809,526"
Venezuela,LAT,94.9,2.498,"27,935,000"
Ouzbékistan,ASI,98.9,2.248,"27,313,700"
Malaisie,ASI,89.8,2.508,"27,014,337"
Arabie saoudite,ASI,80.2,3.04,"24,645,686"
Rép. populaire démocratique de Corée,ASI,100,1.854,"23,818,753"
Ghana,AF,59.3,4.22,"23,350,927"
Yémen,ASI,42.8,5.1,"22,917,485"
Mozambique,AF,40.1,4.967,"22,382,533"
Roumanie,EUR,96.9,1.325,"21,513,622"
Côte d'Ivoire,AF,44.3,4.514,"20,591,302"
République arabe syrienne,ASI,77.2,3.173,"20,581,290"
Sri Lanka,ASI,89.1,2.308,"20,156,204"
Madagascar,AF,65.3,4.62,"19,110,941"
Cameroun,AF,67.8,4.541,"19,088,385"
Angola,AF,57,5.637,"18,020,668"
Chili,LAT,98.7,1.926,"16,803,952"
Netherlands,EUR,99,1.747,"16,445,593"
Kazakhstan,ASI,99.5,2.294,"15,674,833"
Burkina Faso,AF,21.6,5.841,"15,233,884"
Malawi,AF,65.8,5.455,"14,846,182"
Niger,AF,15.1,7.069,"14,704,318"
Cambodge,ASI,70.9,2.859,"14,562,008"
Guatemala,LAT,68.7,4.018,"13,686,128"
Equateur,LAT,81.7,2.513,"13,481,424"
Mali,AF,18.2,5.405,"12,705,736"
Zambie,AF,61,5.737,"12,620,219"
Zimbabwe,AF,88.8,3.363,"12,462,879"
Sénégal,AF,33,4.89,"12,211,181"
Grèce,EUR,95.9,1.385,"11,237,094"
Cuba,LAT,99.8,1.505,"11,204,735"
Tchad,AF,21.9,6.081,"10,913,667"
Belgium,EUR,99,1.784,"10,708,433"
Portugal,EUR,92.9,1.378,"10,622,413"
Czech rep,EUR,99,1.45,"10,424,336"
Tunisie,AF,71,1.841,"10,327,800"
Hongrie,EUR,98.9,1.37,"10,038,188"
République dominicaine,LAT,88.3,2.612,"9,952,711"
Guinée,AF,26.4,5.329,"9,833,055"
Rwanda,AF,66.1,5.33,"9,720,694"
Bolivie,LAT,86,3.371,"9,694,113"
Bélarus,EUR,99.7,1.281,"9,680,850"
Sweden,EUR,99,1.871,"9,219,637"
Azerbaïdjan,ASI,99.2,2.153,"8,680,100"
Bénin,AF,28.1,5.378,"8,662,086"
Burundi,AF,59.9,4.45,"8,074,254"
Switzerland,EUR,99,1.46,"7,647,675"
Bulgarie,EUR,97.9,1.436,"7,623,395"
Serbie,EUR,96.2,1.612,"7,350,221"
Honduras,LAT,83.5,3.19,"7,318,789"
Israel,ASI,95.9,2.752,"7,308,800"
Tadjikistan,ASI,99.5,3.35,"6,836,083"
Papouasie-Nouvelle-Guinée,OCE,55.6,4.01,"6,576,822"
Togo,AF,53.7,4.166,"6,458,605"
Jamahiriya arabe libyenne,AF,81.3,2.642,"6,294,181"
Paraguay,LAT,93.5,2.977,"6,237,855"
Rép. démocratique populaire lao,ASI,63.2,3.415,"6,205,341"
El Salvador,LAT,81.4,2.295,"6,133,910"
Jordanie,ASI,88.9,3.019,"5,906,043"
Nicaragua,LAT,77.9,2.683,"5,667,325"
Sierra Leone,AF,28.9,5.165,"5,559,853"
Denmark,EUR,99,1.849,"5,493,621"
Finland,EUR,100,1.836,"5,313,399"
Kirghizistan,ASI,99.1,2.518,"5,277,900"
Turkménistan,ASI,99.3,2.43,"5,043,618"
Erythrée,AF,54.5,4.528,"4,926,877"
Singapour,ASI,91.6,1.263,"4,839,400"
Norway,EUR,100,1.885,"4,768,212"
Costa Rica,LAT,96.2,1.943,"4,519,126"
Emirats arabes unis,ASI,91.5,1.899,"4,484,935"
Croatie,EUR,98,1.442,"4,434,000"
Ireland,EUR,99,1.953,"4,425,675"
République centrafricaine,AF,41.1,4.697,"4,339,263"
Géorgie,ASI,99.7,1.582,"4,307,011"
New Zealand,OCE,99,2.025,"4,268,900"
Liban,ASI,86,1.841,"4,193,758"
Libéria,AF,53,5.011,"3,793,400"
Bosnie-Herzégovine,EUR,95.9,1.212,"3,773,100"
République de Moldova,EUR,97.8,1.502,"3,633,369"
Panama,LAT,92.8,2.516,"3,398,823"
Lituanie,EUR,99.7,1.367,"3,358,115"
Uruguay,LAT,98.5,2.089,"3,334,052"
Mauritanie,AF,49.5,4.388,"3,215,043"
Albanie,EUR,98.7,1.854,"3,143,291"
Arménie,ASI,99.4,1.748,"3,077,087"
Oman,ASI,80.9,2.978,"2,785,361"
Koweït,ASI,93.1,2.152,"2,728,041"
Jamaïque,LAT,90.8,2.362,"2,687,200"
Mongolie,ASI,97.8,1.988,"2,641,216"
Lettonie,EUR,99.8,1.426,"2,266,094"
Namibie,AF,87.7,3.29,"2,129,854"
Lesotho,AF,95.1,3.264,"2,049,429"
L'ex-Rép. yougoslave de Macédoine,EUR,95.4,1.436,"2,041,342"
Slovénie,EUR,99.7,1.393,"2,021,316"
Botswana,AF,83.5,2.822,"1,921,122"
Gambie,AF,34.3,4.969,"1,660,200"
Guinée-Bissau,AF,36.5,5.659,"1,575,446"
Gabon,AF,83.2,3.24,"1,448,159"
Estonie,EUR,99.8,1.693,"1,340,675"
Trinité-et-Tobago,LAT,98.2,1.647,"1,333,388"
Qatar,ASI,90.4,2.36,"1,280,862"
Maurice,AF,84.8,1.792,"1,268,854"
Swaziland,AF,85.6,3.45,"1,167,834"
Chypre,EUR,96.7,1.516,"862,434"
Bahreïn,ASI,89.4,2.233,"775,585"
Bhoutan,ASI,38.7,2.563,"686,789"
Guinée équatoriale,AF,89.1,5.283,"659,197"
Comores,AF,67.8,3.885,"643,571"
"Macao, Chine",ASI,90.7,0.966,"526,178"
Suriname,LAT,88.4,2.373,"515,124"
Cap-Vert,AF,79.3,2.663,"498,672"
Malte,EUR,93.5,1.251,"411,950"
Brunéi Darussalam,ASI,93.3,2.052,"392,280"
Bahamas,LAT,96.5,3.371,"337,668"
Iceland,EUR,99,2.093,"317,414"
Maldives,ASI,98.4,2,"305,027"
Vanuatu,OCE,79.5,3.883,"233,866"
Samoa,OCE,98.5,3.852,"178,869"
Sao Tomé-et-Principe,AF,83.3,3.718,"160,174"
Aruba,LAT,98,1.732,"105,455"
Tonga,ASI,99.1,3.928,"103,566"